<?xml version="1.0" encoding="UTF-8" standalone="yes"?>
<addon id="plugin.video.PatriotsSoapbox"
	name="Patriots' Soapbox"
	version="1.0.0"
	provider-name="Patriots' Soapbox">
  <requires>
    <import addon="xbmc.python" version="2.1.0"/>
    <import addon="script.module.addon.common" version="2.0.0"/>
    <import addon="plugin.video.youtube" version="5.0.0"/>
    <import addon="script.module.urlresolver" version="3.0.0"/> 
    <import addon="script.module.requests"    version="2.12.4"/> 
    <import addon="script.module.beautifulsoup4" version="4.3.2"/>
  </requires>
  <extension point="xbmc.python.pluginsource" library="default.py">
    <provides>video</provides>
  </extension>
  <extension point="xbmc.addon.metadata">
    <summary lang="en">Patriots' Soapbox 24/7</summary>
    <description lang="en">Patriots' Soapbox 24/7 live stream dedicated to covering QAnon and the patriot movement. "BE LOUD. BE HEARD." "BUILDING THE ARMY. Not convinced this is spreading? You, the PEOPLE, have THE POWER. You, the PEOPLE, just forgot how to PLAY. TOGETHER you are STRONG. APART you are weak. THEY WANT YOU DIVIDED. THEY WANT RACE WARS. THEY WANT CLASS WARS. THEY WANT RELIGIOUS WARS. THEY WANT POLITICAL WARS. THEY WANT YOU DIVIDED! LEARN! FOR GOD &amp; COUNTRY - LEARN! STAY STRONG. STAY TOGETHER. FIGHT, FIGHT, FIGHT. This is more important than you can imagine." ATTENTION: THE VIEWS EXPRESSED HERE, BY THOSE YOU HEAR SPEAKING AND SEE TYPING ON THIS LIVESTREAM, BELONG ONLY TO THOSE ESPOUSING THEM. NO ONE OF US SPEAKS FOR ANY OTHER...EACH PERSON ON THIS STREAM SPEAKS ***ONLY*** FOR THEMSELF.
    </description>
    <platform>all</platform>
  </extension>
</addon>
